CREATE TABLE TBL_MEMBER_001 (
	CUSTNO DECIMAL(6,0), 
	CUSTNAME VARCHAR(20), 
	PHONE VARCHAR(13), 
	GENDER CHAR(1), 
	JOINDATE datetime default current_timestamp, -- 날자시간
	-- JOINDATE date default (current_date), -- 현재날자만 ()안에 사용
	GRADE CHAR(1), 
	CITY CHAR(2) REFERENCES TBL_CITY_001,
	PRIMARY KEY(CUSTNO)
);

Insert into TBL_MEMBER_001 (CUSTNO,CUSTNAME,PHONE,GENDER,JOINDATE,GRADE,CITY) 
values (100001,'김행복','010-1111-2222','M','20151202','A','01');
Insert into TBL_MEMBER_001 (CUSTNO,CUSTNAME,PHONE,GENDER,JOINDATE,GRADE,CITY) 
values (100002,'이축복','010-1111-3333','M','20151206','B','01');
Insert into TBL_MEMBER_001 (CUSTNO,CUSTNAME,PHONE,GENDER,JOINDATE,GRADE,CITY) 
values (100003,'장믿음','010-1111-4444','F','20151001','B','02');
Insert into TBL_MEMBER_001 (CUSTNO,CUSTNAME,PHONE,GENDER,JOINDATE,GRADE,CITY) 
values (100004,'최사랑','010-1111-5555','F','20151113','A','02');
Insert into TBL_MEMBER_001 (CUSTNO,CUSTNAME,PHONE,GENDER,JOINDATE,GRADE,CITY) 
values (100005,'진평화','010-1111-6666','F','20151225','B','11');
Insert into TBL_MEMBER_001 (CUSTNO,CUSTNAME,PHONE,GENDER,JOINDATE,GRADE,CITY) 
values (100006,'차공단','010-1111-7777','M','20151211','C','11');


CREATE TABLE TBL_MONEY_001 (
	CUSTNO DECIMAL(6,0) REFERENCES TBL_MEMBER_001, 
	SALENO DECIMAL(8,0), 
	PCOST DECIMAL(8,0), 
	AMOUNT DECIMAL(4,0), 
	PRICE DECIMAL(8,0), 
	PCODE VARCHAR(4), 
	SDATE datetime default current_timestamp, -- 날자시간
	-- SDATE date default (current_date), -- 날자 ()로 묶어준자
	PRIMARY KEY(SALENO)	
);

INSERT INTO TBL_MONEY_001 (CUSTNO,SALENO,PCOST,AMOUNT,PRICE,PCODE,SDATE)
VALUES(100001,20160001,500,5,2500,'A001','20160101');
INSERT INTO TBL_MONEY_001 (CUSTNO,SALENO,PCOST,AMOUNT,PRICE,PCODE,SDATE)
VALUES(100001,20160002,1000,4,4000,'A002','20160101');
INSERT INTO TBL_MONEY_001 (CUSTNO,SALENO,PCOST,AMOUNT,PRICE,PCODE,SDATE)
VALUES(100001,20160003,500,3,1500,'A008','20160101');
INSERT INTO TBL_MONEY_001 (CUSTNO,SALENO,PCOST,AMOUNT,PRICE,PCODE,SDATE)
VALUES(100002,20160004,2000,1,2000,'A004','20160102');
INSERT INTO TBL_MONEY_001 (CUSTNO,SALENO,PCOST,AMOUNT,PRICE,PCODE,SDATE)
VALUES(100002,20160005,500,1,500,'A001','20160103');
INSERT INTO TBL_MONEY_001 (CUSTNO,SALENO,PCOST,AMOUNT,PRICE,PCODE,SDATE)
VALUES(100003,20160006,1500,2,3000,'A003','20160103');
INSERT INTO TBL_MONEY_001 (CUSTNO,SALENO,PCOST,AMOUNT,PRICE,PCODE,SDATE)
VALUES(100004,20160007,500,2,1000,'A001','20160104');
INSERT INTO TBL_MONEY_001 (CUSTNO,SALENO,PCOST,AMOUNT,PRICE,PCODE,SDATE)
VALUES(100004,20160008,300,1,300,'A005','20160104');
INSERT INTO TBL_MONEY_001 (CUSTNO,SALENO,PCOST,AMOUNT,PRICE,PCODE,SDATE)
VALUES(100004,20160009,600,1,600,'A006','20160104');
INSERT INTO TBL_MONEY_001 (CUSTNO,SALENO,PCOST,AMOUNT,PRICE,PCODE,SDATE)
VALUES(100004,20160010,3000,1,3000,'A007','20160106');


CREATE TABLE TBL_CITY_001 (
	CITY CHAR(2) NOT NULL, 
	CITYNAME VARCHAR(10), 
	PRIMARY KEY(CITY)	
);

INSERT INTO TBL_CITY_001 (CITY,CITYNAME) VALUES('01','서울');
INSERT INTO TBL_CITY_001 (CITY,CITYNAME) VALUES('02','경기');
INSERT INTO TBL_CITY_001 (CITY,CITYNAME) VALUES('03','인천');
INSERT INTO TBL_CITY_001 (CITY,CITYNAME) VALUES('04','강원');
INSERT INTO TBL_CITY_001 (CITY,CITYNAME) VALUES('05','충북');
INSERT INTO TBL_CITY_001 (CITY,CITYNAME) VALUES('06','충남');
INSERT INTO TBL_CITY_001 (CITY,CITYNAME) VALUES('07','전북');
INSERT INTO TBL_CITY_001 (CITY,CITYNAME) VALUES('08','전남');
INSERT INTO TBL_CITY_001 (CITY,CITYNAME) VALUES('09','경북');
INSERT INTO TBL_CITY_001 (CITY,CITYNAME) VALUES('10','경남');
INSERT INTO TBL_CITY_001 (CITY,CITYNAME) VALUES('11','제주');

